Id,previsao_base,lgb_raw_corr30
0,1273952.92,1406696.4427984226
1,229525.72,250926.51056519922
2,580826.38,599009.4726327326
3,201137.91,194391.13335911662
4,287982.95,343643.32074451743
5,216813.37,224237.01812873443
6,726889.51,706221.8059151629
7,271560.93,303208.5384325521
8,319007.49,318327.3596730347
9,755603.45,789985.9150363045
10,606017.85,587098.7299815565
11,515532.69,509939.43865932035
12,1034600.66,1062372.501042156
13,343512.74,342850.68395692576
14,747032.08,747306.5677599482
15,573157.62,576276.0990920502
16,385724.16,395595.2856500331
17,341441.79,351205.2756247483
18,331647.08,341644.8799971834
19,897727.4,927854.0695070119
20,741619.79,849354.9194897951
21,279610.66,286326.90021646593
22,321740.38,332380.8273224799
23,337735.84,365380.91018685146
24,293627.12,306982.91017615364
25,348649.44,360866.96148095286
26,432970.02,452945.5559819597
27,556766.36,560216.3543365984
28,721181.87,763948.1690843644
29,859159.11,860046.6851889382
30,354482.48,354106.1987598825
31,1322777.89,1542004.9163450445
32,1100950.03,1252877.74758502
33,1302117.45,1558601.6149713325
34,1122073.47,1142901.0648743208
35,337903.43,326898.3222009811
36,477823.28,482647.45096073486
37,2371283.02,2631948.633512768
38,420266.32,416651.3616016092
39,349715.15,340873.9958697129
40,1831999.24,2071418.3268192045
41,646216.44,690511.1868090063
42,350933.8,361371.48858111654
43,1053813.04,1178383.4923407226
44,985593.96,827741.7215876564
45,226751.51,248086.3993991497
46,861256.11,902202.2754003305
47,532443.08,549965.0240847033
48,245398.91,246036.61902822822
49,427884.46,428350.5709164708
50,445719.99,469568.6721196186
51,342395.49,348155.3449236587
52,661883.3,689662.9984863297
53,842686.29,789525.2388791036
54,895810.91,877529.1823522889
55,305484.33,308380.5889114276
56,577141.56,566306.6759687453
57,369800.75,362201.9731258472
58,805953.82,822282.5411690619
59,1126858.84,1240323.137708168
60,2091790.92,2451103.7413056046
61,605851.99,623339.6165887958
62,1264719.99,1319317.135661384
63,3602898.64,3784677.4761140794
64,386590.39,392769.87484594726
65,423726.5,433986.99925489933
66,526126.22,536516.0528975397
67,1091711.87,1146508.5743653085
68,780592.3,843532.2173112085
69,356223.51,349214.49308533897
70,1653600.95,1652198.513511935
71,261965.72,293708.8039172036
72,449558.28,449012.0581842331
73,385751.98,374355.5846971538
74,251804.79,244313.44694573144
75,2196326.28,2557301.331311189
76,299945.47,299449.9944555856
77,391683.94,406890.5521451866
78,187889.79,210569.47879667857
79,274418.74,272816.96977613674
80,530904.83,539256.3904731686
81,416570.56,413462.3190002328
82,269930.87,286035.5090913479
83,1490390.45,1499522.939695383
84,2465645.76,2817386.106021337
85,369383.14,377857.842992955
86,402833.8,410609.3857783362
87,529558.01,530773.6146456241
88,432970.02,452945.5559819597
89,337440.6,336554.87505389977
90,530394.34,538684.7550867883
91,813506.71,857387.1870609554
92,168771.92,193070.96864907918
93,302705.92,301435.6513483183
94,186475.31,191704.19262140713
95,738355.72,851088.5583251982
96,822856.51,814113.7602978599
97,1672049.4,1887652.3697619177
98,374799.77,392177.6293199422
99,561060.69,572918.9930301567
100,427695.25,434554.0363915851
101,402547.33,406933.08305633854
102,1216689.72,1282557.2936454597
103,769355.23,793700.3623159223
104,466504.59,469327.1947035947
105,770137.05,792949.5949262552
106,842997.87,861291.1753107428
107,957838.63,922689.280878916
108,317174.9,339174.49605473253
109,564180.23,583700.182445432
110,425148.5,433468.5562972098
111,836052.33,854917.7361191316
112,244153.81,251245.58845656973
113,388106.93,393209.2883518885
114,822915.27,728107.3078501554
115,362000.03,373958.3348884033
116,526166.06,546138.3839881634
117,3248238.12,3382890.445214371
118,828546.34,843331.4023389282
119,312635.54,314663.74566148926
120,1884135.49,2065561.2755191703
121,292791.33,290394.8838678813
122,461664.94,513317.0385214694
123,268731.79,276395.53209274495
124,274294.48,288557.87487066607
125,676946.04,673341.0275336383
126,318610.39,309760.15912126325
127,1338591.97,1388028.2918251937
128,292098.0,313406.6732265839
129,936952.56,1091086.9735589765
130,794355.65,920007.1921472517
131,2235424.92,2703712.317407027
132,568761.0,474455.3082535812
133,1369781.83,1486169.8177408734
134,1201824.58,1276087.9077897845
135,543131.61,584219.7990834833
136,491359.58,519399.2210618502
137,1391374.71,1443392.1256487167
138,760988.08,745356.2893615848
139,412195.91,420349.42428014375
140,2185862.51,2377365.3648458333
141,385882.34,386989.08124631306
142,343122.0,371145.99224528635
143,1215233.47,1304138.496657127
144,363622.62,374093.40099949355
145,407270.98,419827.1724453747
146,257456.56,273551.4503954158
147,1832634.18,1921156.098298983
148,567511.33,573794.3852326218
149,1030121.39,1059956.4092241698
150,422289.13,449744.74775859056
151,577461.36,590986.7992061214
152,925085.83,944975.59135084
153,793349.26,792283.7474736058
154,403527.73,422264.5538645895
155,418361.35,523421.25077617506
156,482875.4,485578.3130889105
157,349783.48,352900.55679807294
158,621211.27,628285.1272083872
159,1654688.28,2062214.9145520274
160,1255641.42,1323194.3674979615
161,474513.74,479257.35876893887
162,966882.45,1020773.194261784
163,503277.75,492861.50831504335
164,345615.75,346530.3620875719
165,338911.56,340224.37323527795
166,530006.89,565204.5421023993
167,564818.81,594301.047318737
168,292287.0,292421.1317945038
169,879608.8,1038927.1517332306
170,547328.83,548296.5385877109
171,433672.42,436659.03652410867
172,613535.83,631673.1258206873
173,705859.57,694978.6510160157
174,530555.39,538910.7795007676
175,2129478.44,2274486.385713981
176,701468.51,701416.3041801837
177,367590.13,369631.720084015
178,1166821.14,1131416.035736385
179,277766.86,297516.39707978547
180,834920.92,803426.7679696539
181,375151.23,376072.3863524844
182,1769537.9,1895664.1520848158
183,604854.07,602058.2248120893
184,723893.94,705203.9716152033
185,419382.2,428723.9397673234
186,462627.17,431799.26007452287
187,471908.31,467945.949124013
188,1165294.52,1207056.9589630226
189,366616.36,367454.0173316354
190,1450430.37,1475408.0811327843
191,1202950.49,1216575.759515382
192,300341.6,316867.27661910787
193,349475.62,365281.1764887387
194,283351.55,277909.2534609976
195,658510.56,634182.8754564611
196,249313.62,250820.4448673444
197,1183438.16,1097515.0369207356
198,313466.46,311009.9190656765
199,513032.13,515250.9373466132
200,1146809.64,1071555.703095689
201,287940.29,307439.010054169
202,591043.98,596687.0042746186
203,1195289.68,1219857.2245393237
204,643752.13,654858.4719616778
205,253078.4,284217.32708584133
206,185393.57,189366.14562693462
207,365920.54,372552.5814054329
208,938806.39,967441.079259642
209,1327802.56,1411264.279135854
210,671218.31,652960.0820091652
211,2958669.46,3297516.9846014017
212,483097.7,463900.1291321245
213,575448.7,580005.9163570565
214,1028086.53,1222359.2720060279
215,359967.51,365485.5941803979
216,284318.9,278790.985474568
217,550760.14,572744.5597724672
218,508061.08,507592.5757183422
219,302856.62,305009.10196360835
220,559489.38,573773.2641851597
221,922700.27,943779.5647825907
222,2349829.32,2384893.8362454013
223,305867.44,311553.46755938977
224,356448.24,361539.9588717026
225,557657.62,584643.6618202456
226,373900.53,400573.02546873403
227,585066.07,599276.5055498253
228,1990785.02,2002546.557159115
229,498124.56,515470.8326615235
230,380375.6,384031.9362458425
231,423660.48,470999.23905294325
232,353738.49,357667.0980330997
233,629903.34,640014.8267381729
234,501339.73,495094.6698332673
235,276021.73,284543.82139828143
236,1030607.87,1046836.3127034317
237,1191955.35,1309766.6124127845
238,1195216.68,1196854.7295873165
239,507657.7,509594.1385411565
240,779047.18,846965.7383642255
241,235695.39,256322.9492455299
242,522946.36,523223.05250565405
243,436037.97,430140.210656805
244,649270.89,751098.4511272579
245,342995.82,353316.6661715888
246,521092.42,591085.3303414095
247,606125.29,608618.7784376914
248,474947.92,479364.1383629023
249,854718.18,863789.4515485325
250,1656933.77,1889938.402342543
251,356745.14,337070.3083641781
252,537018.37,546197.4270269775
253,543717.61,556509.3759590928
254,662521.6,673195.7015487324
255,764178.14,780640.040562009
256,324146.1,329949.30377729563
257,796163.02,785147.0204849517
258,1866083.78,2184279.9352198113
259,941990.56,1065167.3279107886
260,526279.23,582359.326759607
261,599605.31,597132.4354603866
262,259521.11,265002.2517704661
263,939943.29,983457.4565210359
264,267544.98,272557.7618745912
265,400568.7,375804.4336837044
266,373044.84,383474.27892682765
267,657196.08,645586.0651282475
268,340867.67,357276.95797327027
269,1201824.58,1276087.9077897845
270,339316.52,333644.1965240941
271,708702.47,700648.919866027
272,701779.08,701722.0422419031
273,488007.36,492986.7838695435
274,497752.05,501620.14068193734
275,386097.92,381841.5496974449
276,316091.99,324055.3925855363
277,1149964.38,1139038.3613325737
278,324146.1,329949.30377729563
279,876510.99,885448.5222432484
280,254384.28,250364.9241470707
281,902839.52,895621.8169407144
282,363722.09,366929.91840207146
283,372778.25,376058.01658576226
284,1133424.58,1166405.7971001032
285,2244401.08,2143468.5911434274
286,350899.05,363084.48277244257
287,872357.42,869515.4264697464
288,553004.27,561738.3569604084
289,909589.32,941671.8704564979
290,764916.01,781936.0906363527
291,778198.86,805888.4669051878
292,853377.58,868555.555881796
293,537672.95,556093.0495263906
294,2172035.39,2290771.0602006577
295,426186.36,433400.90099054103
296,503984.84,553126.3979305368
297,1087557.67,1092340.9146622499
298,416284.15,461580.77284269914
299,683730.3,711538.8201679502
300,814914.42,970189.4031075523
301,759336.88,774481.732562024
302,354547.86,348166.1802110939
303,535635.9,556618.9680836089
304,357126.31,357413.7628566267
305,312876.42,320509.7099691442
306,282871.43,296809.6679590038
307,553744.11,543219.3019983168
308,390699.91,392809.8833135247
309,609395.11,621633.9901500705
310,206805.82,203048.1620643522
311,1337012.78,1473121.9121978537
312,1252573.55,1342456.564851604
313,402166.93,441121.11701161804
314,362097.88,374561.30005858873
315,1163558.01,1142085.2690461338
316,1311490.75,1338825.8826967985
317,1022276.12,1192194.6766569705
318,406230.73,405288.2855506683
319,390582.0,397510.9499671279
320,313644.77,312880.5136799752
321,1587760.31,1774377.7881973914
322,880895.69,934198.221864643
323,404478.58,415392.43547258014
324,259306.47,310724.34770964977
325,571564.33,573998.5911584147
326,420762.56,432566.2675192946
327,1668690.1,1780335.0575372686
328,1004143.45,1033593.5971668232
329,393149.93,402585.15829468076
330,781641.46,780877.9095149013
331,349359.97,364671.82004493626
332,568792.43,587208.5829979513
333,858804.83,1113426.5758300344
334,1322041.0,1417228.2718678038
335,491979.32,496484.7546266171
336,267352.74,267489.5898371455
337,442695.54,483267.8040321361
338,911167.74,914525.2050685205
339,440122.51,441548.28719497466
340,423929.15,429605.93620708876
341,1040666.38,928810.6547773227
342,992812.06,991953.7773490688
343,1177454.65,1233524.2060343567
344,841238.65,962017.0866437532
345,601913.44,828136.5189054172
346,468568.48,593954.4531779266
347,705255.04,686945.1508091845
348,511220.14,530155.4853674546
349,1149606.99,1120107.5543363297
350,391516.32,401814.37150236516
351,1103168.0,1166183.184463428
352,507018.93,501614.84366840805
353,1105276.01,1152881.262122917
354,385346.43,392415.8957027815
355,617781.05,622279.810761661
356,453663.09,472741.768164403
357,923321.99,1106949.2524977683
358,325276.38,323538.6729072793
359,770368.07,838964.6134852598
360,342711.94,352368.21121520613
361,901220.96,1025858.1700127207
362,241996.28,272479.2576588471
363,335580.32,337279.9672612954
364,402036.95,402246.95234348346
365,881871.8,888921.6872891458
366,1043565.01,1106928.8569097433
367,253419.2,253060.0288201634
368,1449933.4,1589014.951215868
369,1528800.09,1630585.0312977927
370,337106.62,374738.647136818
371,355191.3,453328.69539974094
372,706993.02,670899.3205259594
373,1252895.33,1273938.898475596
374,810176.47,786368.2460873832
375,2347159.44,2450856.154756908
376,325613.97,326726.3979901423
377,431147.3,426972.4951990125
378,842359.58,947515.5902239804
379,543447.63,620995.9046322593
380,515697.78,530843.3944738915
381,319007.49,318327.3596730347
382,502571.73,496632.56078352116
383,716957.71,767894.2744040432
384,585200.82,457642.13100160635
385,476063.64,410093.5016295568
386,929257.35,1050109.0632655201
387,1160670.2,1152797.9541259909
388,345882.59,345196.76061343914
389,824338.8,825759.2015256413
390,494852.75,528177.5966291965
391,414928.8,433687.53673099075
392,765707.95,953650.5279536607
393,546120.49,564687.507403573
394,362097.88,374561.30005858873
395,342880.31,341790.2342294464
396,417903.98,419753.62749327486
397,453046.08,453752.75822033815
398,585818.05,590646.0853160471
399,640393.84,660374.4694506421
400,587156.07,614429.2342747467
401,388564.72,390289.969917348
402,480817.57,501943.7419982401
403,386337.03,396891.66318038345
404,769841.63,722397.972226101
405,1310961.82,1444435.4359800636
406,328321.29,329431.0384215315
407,551391.51,556480.1700225209
408,879068.92,886360.1996639279
409,521508.1,536172.8641708588
410,485796.22,474119.664746787
411,299935.12,308732.5538056013
412,253411.57,232925.6539132713
413,401553.79,407024.8322044887
414,444455.66,458239.7249323471
415,585665.82,661394.3994413993
416,637291.82,648554.0543435824
417,420138.16,464314.285621306
418,354277.88,354399.7891045826
419,280713.49,285124.551636365
420,449148.23,488045.7285656217
421,401745.37,376109.5198320044
422,269434.11,264615.48275901657
423,260652.09,255571.65468139117
424,256145.69,251597.5385235174
425,605293.57,608147.7936518232
426,879531.87,911439.0311068263
427,997414.26,1068095.9441579506
428,2022224.59,2458216.017500573
429,363562.31,382547.93037735054
430,236307.1,247375.28136072308
431,298605.25,304522.04431394895
432,1011724.66,1048594.3669508738
433,200293.66,198156.23969001416
434,1089526.62,1222417.1797914188
435,497189.17,520977.69578849006
436,1485897.79,1608213.5587998747
437,1256752.24,1355631.585557769
438,322793.06,322041.66103914526
439,196435.76,234789.6723963509
440,669531.12,664736.5177127474
441,350464.76,356597.7714265398
442,263109.24,255442.96867615008
443,412431.56,422435.32846307027
444,818095.75,825195.9491017535
445,745189.08,755703.1307851933
446,230679.96,251850.69415005634
447,378146.53,399830.26424261235
448,874986.72,883249.736213087
449,352164.75,360456.87229769037
450,261169.26,250809.52778131922
451,1149606.99,1120107.5543363297
452,1015134.42,1054662.6034802515
453,421961.5,438467.3826188919
454,300150.97,315659.84460378735
455,526123.42,540326.0483897516
456,744505.26,776207.5519181874
457,399674.59,415903.99147027405
458,355850.56,379715.2337333724
459,347639.23,354325.79948623345
460,254384.28,250364.9241470707
461,648778.65,662064.8267381729
462,361418.66,367433.04955586616
463,471852.91,440796.15181787114
464,330630.86,327809.76490455674
465,513988.0,519061.73521752504
466,1206368.89,1314191.316081601
467,1324203.08,1369668.553514277
468,924919.1,1047094.020383061
469,2619167.14,2653764.477553895
470,1105185.84,1082310.2080279593
471,552698.91,566775.4677345508
472,342696.02,353069.2259182086
473,191178.91,198247.31434540375
474,380530.76,385017.3569304581
475,1260383.05,1245670.3569134786
476,870114.84,870520.7168128252
477,454275.62,456892.7212406522
478,246444.01,262575.2329882113
479,694989.55,704483.8706143762
480,525549.66,529059.5843454361
481,1310813.03,1513937.2709878087
482,688516.68,695444.6342763494
483,408499.7,409855.73903872893
484,548914.2,573578.3025753925
485,637692.08,640917.9419358668
486,1236989.3,1355211.7723742328
487,443174.27,433694.67975384527
488,960067.51,919508.421058746
489,377225.49,399118.5167071131
490,777839.72,764824.872774609
491,236797.56,215228.4831095733
492,366967.38,374330.9894370896
493,359132.73,353196.8526979954
494,550046.33,553694.246463005
495,1324889.77,1638199.8962193688
496,924342.5,922841.3753965643
497,582351.56,599190.8882037483
498,612327.79,622164.8267381729
499,487644.59,496026.7554441132
500,1157401.53,1102257.607834702
501,1496091.61,1672911.8526829372
502,492185.94,507280.6423805357
503,295714.13,284968.310608016
504,369290.79,388616.47581468575
505,1294977.58,1334931.2301916722
506,1288258.43,1293708.6638718918
507,518131.43,515261.3523632343
508,233629.15,230633.58895583314
509,504336.49,511460.33958383434
510,655072.94,707206.322615194
511,514636.94,516239.4008393952
512,1293290.11,1575056.525341654
513,344240.16,351845.5075396516
514,315080.64,340407.2165605028
515,443459.17,447110.8962236449
516,690323.04,638836.3463748917
517,667482.07,623731.602453153
518,627080.49,624657.8967025528
519,434090.26,448856.13742073806
520,1552620.04,1624653.6407526447
521,793714.73,816415.273604845
522,605851.99,623339.6165887958
523,248412.44,258635.4391074789
524,1149606.99,1120107.5543363297
525,1276222.62,1302028.819525162
526,873783.02,895633.2902150829
527,1325939.19,1532828.5970625866
528,532086.25,537919.0822625963
529,307790.16,304434.38259332615
530,859656.11,861036.6547663299
531,944890.14,965235.1892166928
532,572205.26,592246.4109858454
533,858818.76,831780.4397257766
534,361286.09,361403.42709745193
535,353643.11,362120.6857713785
536,451968.25,437372.0996220235
537,2279243.65,2385572.2992573236
538,1225052.71,1377802.7727701354
539,898357.47,1113381.0090654276
540,355280.22,365448.0746275586
541,299471.82,296967.3846648434
542,581762.13,585948.2314035113
543,1032279.24,939554.439045516
544,393391.63,388609.788731384
545,539295.79,557256.6370583428
546,254795.34,282200.909390296
547,1125281.24,1212301.7225954605
548,356696.43,353871.56502974615
549,343059.98,351861.86314713384
550,574988.07,601661.8755061668
551,428595.66,439156.1648007135
552,1041927.23,946090.7234029695
553,433463.85,519464.6806037352
554,409935.2,408095.52609706
555,354566.62,361440.85229137115
556,396470.06,409787.24890834134
557,386210.57,406554.61064133997
558,311941.45,318733.1073770706
559,1330457.29,1395722.2612898366
560,566101.19,574640.786276008
561,420950.54,452769.0122391334
562,230398.97,235483.75453940086
563,556454.03,557630.7934979666
564,562056.58,570643.5029375076
565,534122.55,568185.8871069528
566,293939.81,302450.3108650049
567,315364.34,316468.4585395643
568,605676.43,619473.4249684503
569,760874.11,731881.9713336893
570,245433.21,246869.0353587879
571,799394.12,800294.0912553553
572,377753.95,385220.69084430195
573,776608.71,764018.267232144
574,351164.34,352603.02157167863
575,362433.69,344360.1114960518
576,1053902.16,1366481.906120374
577,980359.17,973898.600462761
578,238618.41,239485.43625087515
579,715852.87,708775.024449356
580,1008324.67,1020859.1975192316
581,381998.47,384355.182487898
582,2642472.15,2975828.119446927
583,2473670.98,2625717.3352869647
584,380577.69,385728.76182496885
585,1261607.4,1251486.6215923184
586,784331.52,783868.4579848793
587,1201824.58,1276087.9077897845
588,1064104.78,1200784.1898029167
589,624750.04,626516.3768848067
590,296837.64,301596.4659587553
591,1061822.21,1112229.8802464507
592,356925.87,358355.01474715956
593,504530.79,512115.6037071193
594,346897.65,358269.106460877
595,369795.8,383037.87722277566
596,427383.66,421919.5633863421
597,455428.6,478759.5410965121
598,676946.04,673341.0275336383
599,535404.58,560890.172466494
600,573501.87,589480.0870713782
601,580806.55,610283.5033036976
602,707331.14,688078.9302244375
603,373588.46,384595.44583167636
604,464163.09,454914.82802119636
605,1027437.84,1098469.2161899223
606,159411.9,164971.1489037365
607,734420.75,756406.0503351819
608,526948.99,538060.9695682039
609,1106865.28,1050961.086201246
610,396252.35,403535.62760363164
611,650250.68,620414.8872014068
612,522417.54,542316.8449565811
613,757104.58,789433.8194206285
614,545270.32,547257.9480169811
615,2707969.43,2813243.8899260443
616,320611.14,323198.940047198
617,441455.53,508559.08860295016
618,352189.54,354982.2329029722
619,305762.14,323760.92835211294
620,364084.49,370705.52623586875
621,436679.15,440389.7954143624
622,2675722.72,2813676.9463598016
623,1353896.11,1551854.066905894
624,385780.05,379757.19228617806
625,571681.38,573203.2245775373
626,271520.38,272052.7274001707
627,1758215.55,2007143.9556032948
628,414722.12,430942.8754195615
629,823147.32,932696.0978451459
630,383256.49,385866.59898280934
631,791024.71,798792.1477265826
632,431654.48,438114.1958457881
633,596560.0,615886.3466893308
634,377558.67,383748.2194170931
635,476987.32,570605.8027419164
636,584155.04,608224.2380036247
637,522946.36,523223.05250565405
638,356987.42,367251.5047853381
639,206547.52,192234.72211895676
640,518424.77,617095.7323534077
641,1026725.98,1090163.1372115384
642,386791.81,401321.12297587236
643,505594.54,524288.4715634657
644,440167.74,447542.062592492
645,556127.15,566933.3557105239
646,355772.38,370508.80477901513
647,235299.55,221444.04916529352
648,391005.8,391173.64640884945
649,380375.04,371626.5981398326
650,495408.15,492133.0507798275
651,871697.84,861146.1226165304
652,435439.75,419181.32276694896
653,541396.26,565214.3531519112
654,322546.95,343287.0961954403
655,1064776.97,1136965.0684741293
656,301047.17,316189.21632350766
657,247205.83,281897.4308029368
658,411664.83,408944.4796961755
659,353340.42,359641.3097860061
660,533383.96,540654.0555813869
661,1098475.0,1137841.5010927874
662,520265.02,551901.6976600881
663,480633.68,523478.1758898589
664,555163.85,563802.4853902764
665,339357.84,343521.0643529634
666,536579.0,542581.9098249471
667,589619.88,601013.4342864864
668,785163.94,772751.6613891728
669,741651.64,802319.7066750576
670,1163931.79,1129254.2672582665
671,629903.34,640014.8267381729
672,304793.24,289219.60284416913
673,732133.25,734833.8914115048
674,883607.67,933630.7802083569
675,414993.21,431937.5294911569
676,386590.39,392769.87484594726
677,513461.66,520953.7559719453
678,298952.56,301555.6760720245
679,189631.8,194624.92155680485
680,506102.03,481764.83887523285
681,383016.16,390602.69290743215
682,380375.6,384031.9362458425
683,368049.9,377146.35725337185
684,338892.58,361151.27930971934
685,829684.58,888585.9732728859
686,1530569.06,1670764.8486366365
687,383698.82,388020.45204603963
688,612327.79,622164.8267381729
689,247493.89,227195.4266753223
690,675265.37,667970.5119054854
691,900944.99,916073.2623575447
692,487897.91,540639.9115696693
693,872145.73,946092.8618909688
694,585626.12,597418.147389882
695,874901.07,886037.9838581132
696,477465.62,496479.54986879893
697,298142.36,320436.18907051865
698,790505.95,785928.6124793694
699,307833.37,313163.8955774491
700,431882.14,469039.9547015384
701,366616.36,367454.0173316354
702,558342.71,613556.5577485191
703,795715.56,815558.8672651866
704,835819.04,837456.0614054776
705,374266.44,379418.391805308
706,315855.59,295068.17891474435
707,1373173.65,1591354.3108738456
708,178426.61,176566.40277373246
709,2329702.75,2529136.527473429
710,257867.6,258219.54206953046
711,803294.82,804271.1616947667
712,376674.08,380342.07761624356
713,300440.72,295885.7843088051
714,545320.95,557147.1725828616
715,1122073.47,1142901.0648743208
716,668785.9,701790.9608298371
717,1056866.74,1075573.7559572835
718,525549.4,515015.64544980985
719,178420.88,164971.1489037365
720,208354.11,211391.6690613854
721,356398.7,353403.4026110313
722,551968.62,570544.4607434554
723,175046.27,191680.63083199563
724,906275.18,945389.8796220458
725,457477.22,455511.5493882435
726,883065.01,923296.7446167299
727,441111.93,430419.3019983168
728,651638.83,654030.0461489117
729,360647.66,367576.8675193006
730,647394.74,685852.9405250277
731,841833.42,894608.7264753128
732,259694.72,261651.01661183313
733,361738.3,366749.1923765639
734,598582.73,610802.4091675222
735,369203.9,396652.5995172704
736,173994.95,191203.31783110127
737,375578.61,378509.51714404754
738,1523143.28,1558311.7958776115
739,693222.01,682602.805488766
740,488494.65,504114.7283039823
741,1459528.34,1634420.4319116725
742,767814.8,752132.2875770861
743,360296.39,365138.8498782291
744,244681.29,248427.6854213599
745,342880.31,341790.2342294464
746,313919.99,309666.12278309104
747,706164.65,915718.2936473191
748,792965.48,788161.5614443129
749,344268.94,341022.5247237303
750,382622.06,387188.6143107012
751,257741.69,288661.2087162502
752,234819.17,241199.99900381293
753,395614.58,450374.1808589669
754,318100.57,330286.9600093422
755,876077.63,908972.6296718591
756,484164.45,471757.77452577115
757,547360.09,546772.8335078734
758,386257.67,392863.0640430381
759,314495.33,329122.41025820986
760,607202.97,638023.0149142476
761,630779.69,647603.2061957824
762,610581.51,514883.47759383294
763,204097.96,218505.72748332002
764,900585.94,895972.1489519064
765,235656.87,240764.92189162844
766,778587.45,842007.1355055596
767,1601738.08,1935861.5920666228
768,564818.81,594301.047318737
769,873783.02,895633.2902150829
770,407201.81,421628.1336038343
771,1108521.99,1240323.137708168
772,1108148.44,1316086.1414070523
773,699358.68,735011.3457622074
774,1487127.83,1584562.3655889432
775,875450.38,889330.8200211899
776,1663908.84,1693496.440495861
777,1422379.11,1507699.5288943774
778,218837.64,230200.67274772289
779,329572.96,360127.1971635676
780,308994.22,319545.98518301325
781,300415.24,312914.5325066377
782,375146.22,389182.82866713504
783,798926.14,813438.4858649969
784,339109.75,338414.2992358635
785,502133.98,506872.43562102655
786,201849.33,241293.0938377953
787,897325.89,849182.4520217618
788,292426.64,294619.86301045644
789,137837.3,139056.5762656808
790,361668.37,369108.6615716092
791,604117.93,755234.5696164812
792,279760.5,298609.83718769235
793,355848.27,363204.1156792488
794,766780.82,792413.5137769853
795,533267.17,560106.2700842709
796,574866.28,558600.3553623548
797,280771.81,280425.67672569724
798,908282.82,905210.6051802677
799,435609.91,427911.7513276635
800,714171.26,761728.0316246361
801,343693.09,342004.111474581
802,1290269.64,1289214.1458107042
803,1281554.7,1553971.3441835307
804,394567.99,414869.13401915
805,256288.3,243321.48396795816
806,193561.61,222462.72998606315
807,224091.09,228815.2547883886
808,551782.78,559664.9473799618
809,1305618.98,1552005.823596891
810,547944.37,566154.9139119654
811,606017.85,587098.7299815565
812,425260.55,422387.66309472156
813,301223.13,309277.63446542434
814,620775.21,730974.9043230019
815,730442.53,821581.8928347635
816,1470798.0,1528970.3545626805
817,408221.73,418211.1584121895
818,296412.77,294145.41689600475
819,1117070.06,1107455.6000006562
820,730777.67,735480.1855359653
821,362499.67,405499.4086569963
822,541683.23,549186.9739601375
823,904411.61,927860.1455512368
824,437134.61,415663.1715285641
825,2688807.2,2955613.260893708
826,286010.49,293192.4273969499
827,339545.36,342740.08301320666
828,541904.87,539861.1587791741
829,255160.9,261994.14817332165
830,892171.95,910039.7292180627
831,554989.68,538156.0865744054
832,151530.49,173103.65609587106
833,685470.19,638226.4644988092
834,193237.13,215283.33861402847
835,879076.88,878949.5492087827
836,1063176.44,1096338.864237544
837,497752.05,501620.14068193734
838,1000712.59,1142345.116123695
839,355151.62,354931.9362458425
840,342345.96,334456.0834175971
841,349511.64,350841.5370750632
842,771941.93,817743.1930341065
843,811739.93,848755.7867954058
844,833455.64,740462.8307867876
845,997601.49,1026375.4492710393
846,366192.89,386649.54197191354
847,286230.02,297464.7650742323
848,378258.16,383284.037326853
849,720384.46,664893.3531250498
850,513828.62,566088.2982142873
851,554356.91,543546.2310150205
852,429028.69,404449.9943770254
853,622847.86,635847.8801544373
854,367746.85,394540.3260639087
855,322841.93,349276.91884162795
856,340715.39,344643.00744540093
857,825917.66,794685.2254152311
858,289431.06,290256.2661595437
859,1068873.64,1210827.077842185
860,321944.95,319991.76188422553
861,246369.19,271668.0655719424
862,450376.7,509407.7119775915
863,412846.95,424947.6115749569
864,352895.75,330586.56718745286
865,1317317.85,1422642.768540639
866,300618.0,303613.42215658876
867,853952.73,890388.5812454681
868,2028707.71,2309047.8130710614
869,315043.06,328929.6405597326
870,593286.39,603026.6872877376
871,1287130.77,1514478.6391502726
872,488052.84,490404.8347421539
873,1340233.95,1421958.4433886465
874,1405796.0,1571348.7592743502
875,199579.87,238396.01629246678
876,1133684.48,1121979.161944689
877,416094.75,434575.9855392157
878,236291.23,252349.63367794326
879,190572.79,181912.07911802147
880,562635.7,573265.1821074071
881,1149606.99,1120107.5543363297
882,1101671.7,1056367.1559407162
883,290856.75,288811.734101016
884,1537367.55,1663808.3747511054
885,1604911.46,2057129.7203177593
886,657146.17,676331.0446206679
887,229072.97,240625.15612472955
888,357415.24,360735.3599671218
889,748780.74,871461.857602938
890,643709.82,651439.6306313146
891,942422.79,934753.1706106996
892,695073.35,682403.9620516604
893,180226.88,184999.16845661597
894,182760.08,182549.50419965223
895,1242883.03,1324608.3691829839
896,577207.91,590057.1481782093
897,241437.72,240999.85470105006
898,369926.17,369983.71315165685
899,563456.09,562689.7825596533
900,1217975.22,1323199.20232976
901,488007.36,492986.7838695435
902,342881.04,334412.8742346089
903,780189.11,807760.3916645028
904,406026.61,372765.5652328174
905,458130.02,536234.6385037269
906,776627.86,799155.8862642675
907,997716.98,1025176.6202229598
908,921520.89,947536.6728282776
909,2441229.07,2563649.975782541
910,467935.47,490686.3201996099
911,367918.56,373636.8430221511
912,260054.54,254390.18552557158
913,1204031.42,1326211.086061862
914,977544.34,923945.1525751309
915,1028341.16,1077061.1724275628
916,327327.98,343960.7204833287
917,2447156.38,2779237.346101411
918,476076.64,477970.94038251106
919,335680.3,324220.7116701516
920,315203.07,348730.94884242053
921,1953316.35,2004015.5561837384
922,870585.77,857328.1637184721
923,187107.79,226458.07312992794
924,363723.24,357787.6183005166
925,384942.93,387454.77969117754
926,386204.76,401150.5261186627
927,590407.84,610420.8059039684
928,391526.96,430626.29440636566
929,1076455.51,1134194.3454494409
930,288122.94,300198.06273788365
931,426691.76,436768.22905793815
932,626665.85,630925.7064039975
933,420171.12,433964.5739863811
934,671961.46,651736.0791487567
935,181886.32,176718.690171935
936,286606.63,269584.113430811
937,1830921.3,2004659.111471813
938,326484.04,336563.0368591097
939,1201824.58,1276087.9077897845
940,435704.96,438738.2639211694
941,2935131.03,2896665.8361455007
942,1066881.71,1105830.780208357
943,803451.4,762624.8674004235
944,478076.54,479506.04785816954
945,1012097.95,1028012.6862723848
946,329825.68,327760.94825232675
947,393737.79,420789.22151220654
948,551135.8,566926.7890061691
949,958288.5,980106.331284627
950,478615.86,498092.6894603842
951,504340.49,471779.1961253435
952,830655.95,771534.1815125655
953,1303223.25,1315806.0492142697
954,1323789.79,1844134.583505823
955,373519.33,378468.504228778
956,1592558.4,1880648.500453715
957,265471.59,286894.3695803233
958,337744.71,352331.89208828646
959,321622.65,333218.5857979363
960,933266.42,923970.9924493359
961,505148.07,511886.11670340755
962,471894.71,487703.2658665673
963,411167.8,472552.9270907449
964,1970932.68,2191352.466757982
965,425172.37,418120.78026295046
966,251306.32,251201.2026899085
967,780611.56,788914.870300278
968,1014921.57,1037431.5588519092
969,536579.0,542581.9098249471
970,1366653.44,1549501.9555808222
971,327521.65,336500.67083392886
972,518598.97,532872.7194227644
973,236779.71,241696.9304545381
974,278018.27,295185.3295008634
975,152726.73,122435.60939558224
976,320128.44,310253.94452117925
977,408281.93,460422.7674512657
978,2942960.02,3083156.5781718297
979,541305.4,509670.59951805894
980,203247.18,202400.7239525889
981,451229.79,517322.39534555946
982,372778.25,376058.01658576226
983,289431.06,290256.2661595437
984,231256.42,253590.1889579049
985,724937.21,745874.1064053901
986,1137935.92,1389151.0318041167
987,1371821.92,1520187.947120142
988,549929.7,555992.2435078858
989,336581.44,342602.448783458
990,337091.93,332445.1212223814
991,1023335.28,1014079.1404986214
992,888363.34,860319.9700126629
993,265594.61,310054.31650176895
994,602031.65,606486.0818440816
995,1150271.23,1201420.9560863303
996,589886.12,640001.6990261344
997,406194.76,415711.723422315
998,556999.95,551314.6795432341
999,716987.2,720475.0966847255
1000,536903.38,540203.985768585
1001,3156324.6,3378519.45239494
1002,777166.64,774141.1458064929
1003,266620.77,262360.3675363499
1004,823914.65,1022491.0267501288
1005,251291.21,278110.48535504227
1006,342774.17,343996.2129341142
1007,756418.98,768046.8645891519
1008,846022.74,873931.4695767214
1009,305986.9,305300.1709058633
1010,242839.07,243117.52361486162
1011,1171034.37,1158088.2343229423
1012,571148.52,670544.4071815319
1013,404535.43,366813.802965295
1014,274403.07,290448.182229944
1015,507657.7,509594.1385411565
1016,578571.04,576192.4597705947
1017,168630.67,146454.49786983297
1018,749060.63,737528.9464674564
1019,242810.33,247998.25505490814
1020,384447.83,400641.6326520052
1021,311633.85,316187.1249605162
1022,295918.25,293334.6179614532
1023,319250.81,317959.76469737594
1024,1709856.8,1937128.453634065
1025,976077.57,1046745.6853818278
1026,1048025.24,1077465.5518495499
1027,515966.48,521675.771817685
1028,1039301.01,1080501.5747790304
1029,1214511.86,1246228.655858127
1030,514797.83,525449.2634983504
1031,517363.21,528677.9474555401
1032,208837.76,248190.42008292055
1033,1082463.71,1094796.1957947293
1034,328123.68,330123.232609233
1035,392156.44,419165.88124003063
1036,471034.92,459990.6075881627
1037,222256.75,225339.4621881098
1038,1235693.25,1459174.766858041
1039,392081.25,401883.9407100952
1040,321956.11,331452.32119770354
1041,337461.59,343871.3708749088
1042,212012.93,249304.30716314213
1043,964076.36,976529.1083861643
1044,391984.27,404297.8961169128
1045,388188.92,395510.09877982043
1046,547234.71,557160.2541135821
1047,904411.61,927860.1455512368
1048,1029156.43,1084383.504126599
1049,1150271.23,1201420.9560863303
1050,893057.74,866637.1802748332
1051,432639.67,425896.0694433362
1052,2216340.88,2315022.6376818693
1053,955760.2,1094911.9458331335
1054,1597268.65,1786364.9868691394
1055,372213.63,396842.87516786647
1056,278978.23,283007.7418497304
1057,413089.91,428143.0756480216
1058,840633.11,870075.9426444296
1059,1105753.83,1209185.5602157412
1060,389325.5,386802.79497564735
1061,203774.46,207291.16635576333
1062,2642472.15,2975828.119446927
1063,741779.02,875230.6704937222
1064,464674.11,466521.10213024716
1065,551562.75,562306.5663464821
1066,399748.63,407307.8461036659
1067,393860.41,393217.2339571893
1068,641306.11,663931.4817383083
1069,1023160.43,1032223.1624860652
1070,1318036.41,1370087.3898289886
1071,756043.58,881131.2852857166
1072,1963798.39,2263538.9283739887
1073,567583.4,564519.635612556
1074,378551.9,371758.8593296127
1075,380879.15,439223.0607299134
1076,345688.22,347198.6501095601
1077,325133.82,323994.23765971494
1078,185181.45,199440.75025316537
1079,408499.7,409855.73903872893
1080,590285.56,589361.2493508727
1081,380730.67,379660.6685614434
1082,767004.41,771278.0653706151
1083,1454980.18,1337928.0757729737
1084,316407.23,319889.2358200873
1085,613833.18,593411.2135809959
1086,192677.55,220168.1237505987
1087,463436.95,471289.48897212703
1088,536888.97,560868.0018999815
1089,387695.85,394264.69147955487
1090,367429.88,410601.5248461984
1091,1376573.94,1431316.617975414
1092,839401.73,874118.7011910024
1093,374966.44,382739.3221951926
1094,657682.49,630404.7814702116
1095,186626.8,195849.02119747535
1096,576897.55,595011.2352881761
1097,867250.25,885310.3476906258
1098,690366.91,692964.1393234741
1099,472820.31,482746.46175552584
1100,1030121.39,1059956.4092241698
1101,988997.71,1058975.8263483874
1102,451328.43,433040.5063791776
1103,1122073.47,1142901.0648743208
1104,756230.42,773722.5041617069
1105,524949.87,533681.4676413587
1106,426762.91,421569.6357082417
1107,905792.01,919424.6756976951
1108,602828.77,616180.1700225209
1109,272273.94,275818.66429268743
1110,873075.06,886360.1996639279
1111,1317451.29,1419759.6754552256
1112,1006235.77,1213023.5066375886
1113,326432.75,339423.1330893045
1114,345787.56,347453.21301652095
1115,1081965.06,1078388.731836856
1116,879210.46,884315.7793555602
1117,296665.19,305169.34687160724
1118,635798.69,654717.6320047891
1119,666039.89,681136.9343508545
1120,412253.23,433599.62050445686
1121,1002614.81,994347.482193207
1122,358772.83,356332.253989377
1123,1500748.97,1656649.1640153397
1124,366014.87,367210.23927947244
1125,1234044.96,1269855.2896582857
1126,260784.94,274024.2884425893
1127,964076.36,976529.1083861643
1128,289807.09,301001.9010838654
1129,1029927.75,1048409.7980840643
1130,322773.1,359516.74332691834
1131,467258.1,468108.8924344045
1132,553004.27,561738.3569604084
1133,484833.42,445068.23983602476
1134,2871342.05,3159083.7695789104
1135,775394.48,963527.1448656556
1136,939668.76,1211094.2478121163
1137,944806.59,837933.2153524401
1138,389430.62,412201.0342635532
1139,619286.6,664460.8599435713
1140,583253.39,598920.104098652
1141,245433.16,252061.81091984204
1142,459559.9,459807.24154822406
1143,399292.89,411607.7998101056
1144,350105.37,372162.6125114395
1145,556127.15,566933.3557105239
1146,347639.23,354325.79948623345
1147,551968.62,570544.4607434554
1148,1210689.28,1278099.3826615387
1149,2131039.05,2259443.8155384082
1150,511077.66,519116.6765655641
1151,365851.7,351904.9908720438
1152,3365159.03,3457381.582897749
1153,764079.82,776431.2098669636
1154,164036.97,197474.13849878657
1155,493009.84,501156.8387326958
1156,650856.88,665770.7474382652
1157,369738.78,374001.95383245713
1158,196841.48,198974.15268210258
1159,684828.07,670233.3130598878
1160,407391.05,416523.25348655565
1161,504513.69,518944.3541629285
1162,402863.12,414294.74348229356
1163,605639.79,617866.272144166
1164,567874.66,485239.8048321142
1165,1457100.64,1536749.4281846408
1166,430930.28,424753.859308992
1167,444414.09,466479.492120185
1168,356718.02,365709.15435968037
1169,659916.4,757977.6614045415
1170,1903765.32,2318212.0596683864
1171,1221640.27,1286468.535233907
1172,646432.53,632601.1796139327
1173,687576.86,707466.6634406119
1174,797645.66,795346.4670416977
1175,378111.37,379917.3684020715
1176,350224.52,345079.90590209834
1177,679596.38,704305.1087403069
1178,925085.83,944975.59135084
1179,1324252.59,1419312.9028835122
1180,530062.5,557165.4309275488
1181,890107.12,894910.4932561975
1182,246631.57,252679.23350808688
1183,196877.76,203628.90887222884
1184,547296.66,554202.3494592455
1185,304598.41,406989.64975739486
1186,177851.95,156306.25805874946
1187,353999.06,341028.8203611062
1188,713829.12,758447.7861985677
1189,227184.67,247097.46980762624
1190,1108805.79,1141662.1123271114
1191,358119.06,354206.76157224673
1192,234915.42,255068.05793520148
1193,1174722.28,1195709.3712584665
1194,563637.58,578636.7903195901
1195,244701.72,259874.40083489398
1196,280455.61,268993.55302371184
1197,400330.22,402507.6036931623
1198,402224.84,390627.6103539005
1199,357496.46,365289.4771153729
1200,411958.36,418480.356995993
1201,622410.19,631195.4045741018
1202,537672.95,556093.0495263906
1203,201745.23,190813.6272599014
1204,247830.9,254260.81527848265
1205,352954.23,326047.8714754303
1206,289779.78,342442.1116474978
1207,242868.29,262968.5185740796
1208,1530623.15,1875273.6587531706
1209,658930.25,670104.8267381729
1210,344424.56,425244.2650180417
1211,905832.17,986610.9989068005
1212,334535.1,338284.874700288
1213,716317.44,910119.6179413301
1214,1030121.39,1059956.4092241698
1215,181404.75,172247.83781000515
1216,406769.44,408851.03004888725
1217,1175311.69,1107531.2768054411
1218,360096.03,335596.2627548175
1219,488520.62,519399.2210618502
1220,554197.32,558705.5450345238
1221,409690.33,433659.4551859043
1222,148964.0,164695.26809751405
1223,378306.32,378575.09365509887
1224,708524.67,716543.8669451501
1225,503850.83,506268.3574266981
1226,386769.09,359254.91150842275
1227,357126.31,357413.7628566267
1228,572603.61,576222.9963317852
1229,800132.52,778179.7385645808
1230,366616.36,367454.0173316354
1231,1060218.99,1102663.0977111757
1232,267509.56,277554.9640869405
1233,471476.49,474097.1798614316
1234,562635.7,573265.1821074071
1235,1148665.91,1032856.5960169524
1236,299109.66,314404.88425904594
1237,2543955.37,2610015.4378790464
1238,334925.94,336888.84033488407
1239,592333.56,583459.3718059757
1240,227419.3,233450.73157521946
1241,596084.65,617625.3684374387
1242,265093.69,291181.3781657346
1243,271395.33,295583.89894452156
1244,335326.67,333741.3084509615
1245,337329.91,338020.50146501436
1246,1242997.22,1210249.7991197854
1247,1199481.03,1263672.1183003888
1248,211141.02,208311.0234771778
1249,346879.86,338922.45258058346
1250,294407.12,301089.17328778596
1251,743771.37,802459.518831333
1252,1152511.52,1259264.0799596019
1253,524302.82,528998.2514912282
1254,380119.6,406991.12745603704
1255,1270458.84,1401503.7753529816
1256,522466.59,527311.8071495937
1257,394698.23,400064.0315030884
1258,647628.88,629923.5494062859
1259,998560.42,1123015.7078827461
1260,541683.23,549186.9739601375
1261,380706.06,393223.9368001931
1262,175751.35,171445.34856326203
1263,854718.18,863789.4515485325
1264,378941.74,385287.62538340135
1265,1066501.09,1119076.5921727053
1266,259913.02,300672.5852436391
1267,457358.2,459471.4762990729
1268,418012.08,411718.4974657085
1269,245513.82,271979.9274819081
1270,729067.45,716257.7406615065
1271,1286466.22,1499791.8523648095
1272,571714.66,572145.15461231
1273,1057998.2,1215953.4463723933
1274,460132.61,467604.8383848825
1275,193085.06,200765.27737533854
1276,937377.76,1032067.7946403943
1277,540830.05,564318.33617624
1278,888363.34,860319.9700126629
1279,1153324.7,1205554.48523105
1280,195571.26,214410.16768365388
1281,362258.07,366069.8729304169
1282,1016080.63,1071814.8686361609
1283,742209.78,836091.353135841
1284,570399.79,569604.2509610339
1285,890153.5,881429.4431973542
1286,355965.03,359137.64272286114
1287,336307.74,341417.66565979365
1288,353559.86,362171.7011016237
1289,303097.1,299535.2596768624
1290,999152.43,1167139.3989880816
1291,926791.31,736965.161631211
1292,566724.24,535949.087731701
1293,563212.66,554493.8759243421
1294,1307477.07,1715537.157394233
1295,408499.7,409855.73903872893
1296,706974.4,705965.0309129016
1297,366942.26,368165.79890986707
1298,249852.25,274564.37489104347
1299,522946.36,523223.05250565405
1300,1124986.67,1242535.4974228702
1301,313942.78,309691.4479529794
1302,793714.73,816415.273604845
1303,527524.39,568858.4661297756
1304,497384.52,488522.8587202906
1305,707654.61,699526.6201947891
1306,903404.46,890827.7402087087
1307,443873.94,443755.48699600215
1308,1447223.6,1595089.5248573087
1309,733812.29,773157.244671004
1310,323153.83,310054.0127552044
1311,446536.5,452863.7701832465
1312,322546.8,316215.54022945894
1313,831266.2,846291.1753107428
1314,221397.81,203448.13432281974
1315,1278641.37,1371025.4554815772
1316,906429.29,1091559.4236745923
1317,267110.9,272971.48887093714
1318,342428.08,347965.8068666059
1319,517934.88,515946.4401660574
1320,700204.35,685415.8176958128
1321,1093034.82,1258341.0089009027
1322,854982.5,1064401.6049157765
1323,831765.86,849814.681140996
1324,553421.71,558563.0253468702
1325,394370.35,428044.5935443988
1326,778283.89,798223.1357478552
1327,628840.11,637061.7518555938
1328,195730.43,192264.92773301512
1329,190788.48,192761.17311373126
1330,279351.76,307186.57345860905
1331,346897.65,358269.106460877
1332,1015008.27,1351273.0029106343
1333,537018.37,546197.4270269775
1334,717994.56,705504.6955968586
1335,876447.56,873113.5141297049
1336,604180.13,629302.8037996534
1337,437134.61,415663.1715285641
1338,372467.15,374579.3914784304
1339,538336.23,544542.3869233786
1340,299004.15,290824.149988095
1341,788623.64,803442.5447174829
1342,541469.55,548982.9277204628
1343,2217633.5,2229980.5527402083
1344,1114004.06,1232903.4010072304
1345,939343.75,952621.0012131869
1346,2241516.58,2277976.5717080226
1347,718274.18,700080.0382804789
1348,617497.31,694149.5658255251
1349,608503.15,638530.5369168
1350,355230.99,332847.37614455854
1351,393149.93,402585.15829468076
1352,532344.23,546025.2497184664
1353,1276222.62,1302028.819525162
1354,378391.09,441278.9578450769
1355,560175.29,596579.5289105736
1356,418012.08,411718.4974657085
1357,505518.64,471021.81076155516
1358,324137.73,320462.845662306
1359,554860.24,563941.1534446584
1360,490091.44,448668.5843539306
1361,555163.85,563802.4853902764
1362,582408.06,772421.6019997441
1363,581024.5,554980.5732813536
1364,741651.64,802319.7066750576
1365,641344.34,708591.0967261881
1366,973934.67,993663.2431967488
1367,930512.24,904005.9076649712
1368,384942.93,387454.77969117754
1369,305678.0,307172.6482856165
1370,358822.44,357691.2396728594
1371,224295.34,233504.64909605336
1372,832657.56,839549.9949982715
1373,385346.43,392415.8957027815
1374,311990.32,332917.5060972308
1375,1118079.35,1167056.6078211272
1376,465621.75,448467.1957861166
1377,598531.21,608154.6154888241
1378,329332.06,341191.6029110682
1379,278469.06,281038.61003461876
1380,403792.74,420934.62987333344
1381,287334.69,292182.238451974
1382,701879.48,695673.5595060268
1383,262107.67,259595.15042925507
1384,675323.73,652964.6222075829
1385,586893.66,577099.7805997132
1386,1065032.92,1062319.8682106682
1387,589661.01,591896.6564410317
1388,978459.0,1131218.5403847392
1389,267464.28,263450.65749540494
1390,1451872.3,1673486.8981151693
1391,656577.69,691097.4415670882
1392,167182.53,147907.35248700355
1393,336724.97,353909.33157271927
1394,364556.28,366151.2582902835
1395,1283766.4,1355890.9790052257
1396,185764.94,209328.5335061434
1397,852162.52,841748.3224542974
1398,599648.02,591167.1845800644
1399,780559.16,780619.473319793
1400,938776.87,953294.7428929956
1401,311804.73,334989.6828323235
1402,393933.46,395095.62584391184
1403,991134.22,935378.1940839513
1404,345384.05,347829.95337258605
1405,1506296.88,1613762.5753544285
1406,458899.0,454958.05885291344
1407,414928.8,433687.53673099075
1408,410491.02,424729.70307553315
1409,602518.88,728365.99986735
1410,519937.5,439914.7554250866
1411,173845.06,152691.01083179718
1412,1223615.57,1255854.4261891157
1413,1294689.76,1381476.1546249911
1414,1580601.68,1853154.4460300556
1415,727010.87,849354.9194897951
1416,429028.69,404449.9943770254
1417,1225052.71,1377802.7727701354
1418,590061.36,584478.1740988548
1419,289687.16,289206.80302603164
1420,736392.34,785967.3266226593
1421,3218159.37,3436789.1831126157
1422,1114004.06,1232903.4010072304
1423,602589.6,659791.285358174
1424,250930.02,253323.64879386697
1425,383282.64,390147.08784045937
1426,270212.02,301180.1584529942
1427,729105.41,733835.8642178263
1428,634492.11,630749.6565463627
1429,705550.88,712469.5404573479
1430,674964.19,668904.2930416258
1431,610842.5,626126.827854199
1432,578488.82,593102.6404406065
1433,679753.77,673525.0570034477
1434,258223.86,266266.0516004312
1435,349010.87,369316.3801688195
1436,590708.08,603936.1525363252
1437,720608.3,713773.623492688
1438,1961564.77,2120042.3718028776
1439,2318735.57,2614558.350394556
1440,877654.23,896314.5369084424
1441,522946.36,523223.05250565405
1442,1188913.33,1138669.4440823384
1443,408221.84,424304.77773851046
1444,881435.81,934319.558383276
1445,246195.97,273593.1768311296
1446,528999.25,538471.9859099946
1447,376446.73,381487.893771714
1448,1048315.79,979684.9882778303
1449,943712.66,1065971.6395869562
1450,279811.39,275670.9241202163
1451,843918.61,958099.2088003962
1452,384839.82,430346.42967079475
1453,1045733.01,1113244.8001219984
1454,346018.16,357046.82763949543
1455,389011.65,403508.47336866584
1456,315875.33,368053.9608208654
1457,249677.14,259022.2925948788
1458,609355.33,643007.6035064022
1459,383421.51,390960.15438585373
1460,329264.75,328990.40934562695
1461,358992.42,365289.94854982354
1462,1122034.02,1109567.9195297682
1463,695053.11,691625.4333897479
1464,416124.33,436738.44830765907
1465,397774.57,441275.53222360526
1466,474024.84,476101.35314048704
1467,1104994.55,1215471.411451088
1468,828942.23,884477.9314480225
1469,322495.54,330919.5527983616
1470,937247.43,895937.4010934496
1471,348921.16,354599.61420601315
1472,553989.14,549313.6769635058
1473,505774.29,510679.5794209519
1474,542879.85,542729.4961147568
1475,1297207.38,1326057.4893508002
1476,828314.96,842736.834077885
1477,264014.47,279209.5089688716
1478,336386.27,345451.59951793705
1479,398802.16,396868.5138562325
1480,338911.56,340224.37323527795
1481,325130.04,330853.8166362752
1482,209403.13,214403.87585363205
1483,538992.4,541746.936078453
1484,841860.9,892142.7637922657
1485,593262.96,605496.4259087882
1486,497752.05,501620.14068193734
1487,444022.71,430071.9357156248
1488,415121.7,417982.57181582355
1489,647639.54,645238.5882042726
1490,1011807.5,1060170.0906937867
1491,774255.68,773229.982259844
1492,301075.68,291118.64855285746
1493,839683.37,874336.2475043071
1494,695818.11,697868.4195111265
1495,281439.98,284445.7260645818
1496,651638.83,654030.0461489117
1497,1473996.89,1541276.6387228363
1498,439295.17,445513.4341327424
1499,262150.08,289238.38509368675
1500,310893.69,321230.51223868644
1501,523453.37,532758.9477146474
1502,715604.31,715643.5234799302
1503,1122073.47,1142901.0648743208
1504,1158966.03,1120544.9806808433
1505,674526.49,665624.9373362404
1506,428524.04,434124.3828659883
1507,451980.69,465026.41362289956
1508,1272743.05,1262418.0085985442
1509,427003.78,439962.2751684192
1510,687144.22,950903.2355570595
1511,383367.72,386188.9775232863
1512,1871613.45,1736657.177672213
1513,669894.47,676620.5319734758
1514,1227319.73,1234341.1440821735
1515,483209.71,563996.4194133893
1516,549045.61,551041.8419133532
1517,399053.73,430945.5762919017
1518,562900.33,577925.7501990511
1519,344020.87,339201.2208917071
1520,160392.97,154050.32732575585
1521,246631.57,252679.23350808688
1522,557766.84,560799.1045009514
1523,528520.65,545568.3439078929
1524,347642.44,358854.9466602048
1525,239594.87,246969.29002263164
1526,213743.45,234140.09731156388
1527,489608.44,487327.56129905157
1528,319271.53,328639.6546541137
1529,1150271.23,1201420.9560863303
1530,567960.48,574958.3984442491
1531,1040397.85,1018885.9207772143
1532,2021217.59,2231622.034345381
1533,828314.96,842736.834077885
1534,277491.34,287941.5378860916
1535,339895.81,338847.84355826344
1536,307423.68,361895.50375979627
1537,3156324.6,3378519.45239494
1538,336440.65,326533.77301480534
1539,313508.25,324852.70983756107
1540,653233.49,676061.5913667355
1541,937149.35,952653.3820815342
1542,476076.64,477970.94038251106
1543,551998.35,570970.5317965673
1544,260879.77,271550.6878566465
1545,501927.88,516661.73415203445
1546,365854.13,381509.64402457024
1547,1260383.05,1245670.3569134786
1548,524949.87,533681.4676413587
1549,525707.23,540881.478064804
1550,423142.24,439383.74917714595
1551,438065.55,446911.79256536893
1552,459224.56,473298.4423406646
1553,1303867.99,1650780.2705252857
1554,1077541.42,1105302.730112023
1555,1149699.64,1281806.494909114
1556,264607.04,264006.8972955949
1557,395205.43,414589.67530726525
1558,701779.08,701722.0422419031
1559,393534.7,440144.3188790126
1560,420919.88,432233.4890054252
1561,477782.5,485542.791879386
1562,521692.7,534573.1268695565
1563,380119.6,406991.12745603704
1564,417731.48,413072.2838797521
1565,313865.62,326394.60052362474
1566,177039.88,212103.50977202842
1567,218017.62,227684.87558182835
1568,562635.7,573265.1821074071
1569,403527.73,422264.5538645895
1570,231142.5,237350.1467170676
1571,367712.72,393005.7679908965
1572,629787.03,569880.9001957868
1573,563711.67,560582.5245300804
1574,595345.13,616994.9585606751
1575,518998.0,518454.06103475334
1576,428060.45,418863.61075043527
1577,373226.49,370126.03490185254
1578,229061.62,230056.07955288803
1579,420232.3,464944.63863859716
1580,373605.88,380110.007186373
1581,485322.58,501705.6010234965
1582,1155888.66,1233414.9416180137
1583,361455.74,372357.833455635
1584,485157.04,479078.86563701084
1585,249640.05,243664.46656285296
1586,352172.24,355137.00563901593
1587,346687.05,349482.5022455852
1588,929366.01,976460.4315960285
1589,372939.41,382238.8683361669
1590,289431.06,290256.2661595437
1591,735247.02,764644.7090991011
1592,368179.31,364912.94940007786
1593,369795.8,383037.87722277566
1594,315060.69,330954.9981053885
1595,214286.39,233651.72506465172
1596,740757.86,744344.6178625231
1597,648778.65,662064.8267381729
1598,884584.05,902151.8883226174
1599,1091737.91,1060463.3338809125
1600,349863.18,364751.9050040158
1601,1528800.09,1630585.0312977927
1602,521517.66,514776.39502657996
1603,325435.31,327956.78061334963
1604,1027135.72,1133834.0960616865
1605,225069.83,236079.47037590612
1606,378306.32,378575.09365509887
1607,575876.55,580263.1662365026
1608,638553.15,627605.7791786666
1609,533383.96,540654.0555813869
1610,678918.08,664773.6154071642
1611,674880.57,696615.1125294245
1612,608642.42,584486.9915608185
1613,256159.41,275781.98757291015
1614,374501.81,374836.52742927376
1615,329560.15,338444.91608743195
1616,537895.72,545343.3024971583
1617,2056631.91,1981244.7358480466
1618,688679.81,653421.072824389
1619,1183402.52,1212724.753131764
1620,389950.5,393855.0395772268
1621,545320.95,557147.1725828616
1622,1119990.17,1189191.8807227144
1623,472959.76,459248.2513345925
1624,490336.56,476826.6374478442
1625,502589.7,524435.5767292728
1626,183897.15,207100.47672990285
1627,875772.58,926281.4427242229
1628,279783.73,273046.4459951458
1629,573682.91,575430.623576716
1630,445926.26,467475.3697683511
1631,1097958.2,1163571.193903438
1632,386590.39,392769.87484594726
1633,673605.68,818073.8805872538
1634,489317.22,503286.8087557605
1635,1273238.02,1379675.9538252
1636,510512.51,463405.07808982854
1637,389407.72,395898.4832267291
1638,2615237.48,2764074.712015689
1639,578510.43,580425.9471194528
1640,855518.89,850010.9724591838
1641,377597.98,374457.31842625956
1642,337823.1,344935.1639713658
1643,1343187.69,1443921.5155273846
1644,1018382.02,1016328.327090456
1645,1337795.62,1345105.6109897092
1646,904456.24,909401.9396445055
1647,798093.57,800146.4519677781
1648,312266.42,368216.66179132165
1649,868322.55,910904.1832456334
1650,385120.94,382134.476933608
1651,812926.6,818357.6293897281
1652,1150271.23,1201420.9560863303
1653,660216.41,632214.3748225172
1654,393947.64,397146.0562085234
1655,1150271.23,1201420.9560863303
1656,712829.02,742015.0950285809
1657,1530596.64,1589242.6586554828
1658,395065.64,412172.97388464044
1659,1242042.77,1336418.2671952187
1660,296375.54,297181.147964599
1661,378146.53,399830.26424261235
1662,255012.36,254692.07158795482
1663,819298.22,833562.6097611497
1664,3487139.21,3650026.2165111676
1665,391601.67,405020.1421854112
1666,380757.56,380062.45164306555
1667,551391.51,556480.1700225209
1668,337823.1,344935.1639713658
1669,430387.19,416999.475518755
1670,560208.76,591088.9322200156
1671,313013.77,312428.5239380159
1672,1299584.28,1296890.7282538638
1673,490550.43,502220.1545519184
1674,301800.31,302459.4016025336
1675,1348384.52,1428126.1546249911
1676,544740.23,556509.3759590928
1677,296940.42,339818.0533248668
1678,340718.2,344554.6161705692
1679,383256.49,385866.59898280934
1680,398083.68,395738.3178616103
1681,338911.56,340224.37323527795
1682,498555.23,502851.0960500663
1683,398346.98,410786.8854128807
1684,328321.29,329431.0384215315
1685,1029156.43,1084383.504126599
1686,544804.65,554630.1753378737
1687,349984.95,352983.6326129524
1688,418012.08,411718.4974657085
1689,339674.35,363626.14809484
1690,816714.57,961259.5267000856
1691,889227.78,986403.6751546167
1692,396982.18,419089.93056117586
1693,316435.69,317419.9445654616
1694,1046625.6,1020316.7224798416
1695,486388.94,510403.1364428072
1696,387274.3,417334.02686058346
1697,338911.56,340224.37323527795
1698,241806.41,279479.4730242796
1699,544206.24,591853.6546224939
1700,381103.57,381251.9913394916
1701,463862.59,455608.22196971084
1702,946638.35,882581.0928562578
1703,563553.17,566251.7546573139
1704,633057.51,642665.0226984769
1705,1028129.67,1041367.9486051053
1706,770611.77,796885.5255244757
1707,343553.77,338709.65644725086
1708,688416.97,711668.4445969261
1709,289957.95,303160.3388514976
1710,1063991.44,1114506.9433393306
1711,419422.07,434689.9979822712
1712,277880.1,294460.8065579168
1713,272458.17,283633.8355507123
1714,357607.57,373397.38312579016
1715,258984.86,246058.145959714
1716,282346.93,272634.6068924804
1717,439060.1,442691.7509072362
1718,347375.04,347949.973817981
1719,355269.09,352367.0391315997
1720,352298.87,349219.9288099245
1721,371433.1,371541.58015842625
1722,726833.1,788794.8531972686
1723,243852.41,266635.84798610484
1724,534009.87,546147.4362411834
1725,963220.31,1010146.9501575489
1726,331866.48,340690.5636508142
1727,945010.15,958155.0536894964
1728,985040.41,989862.03169978
1729,1595969.62,1967081.4842336897
1730,217957.67,225604.90098377355
1731,522241.1,525702.818156839
1732,564180.23,583700.182445432
1733,1201824.58,1276087.9077897845
1734,478790.48,490711.06121360627
1735,1083371.23,1055410.8479511715
1736,536244.23,549851.3039585972
1737,530904.83,539256.3904731686
1738,396116.45,402955.182487898
1739,565112.15,587305.1329694821
1740,347435.31,351208.931589261
1741,545568.36,575979.3561648941
1742,1022942.71,1032257.0838386021
1743,1259722.28,1268670.1744879573
1744,230945.43,235027.9244577895
1745,398989.07,447972.2640595706
1746,453865.71,426980.7483952902
1747,1373185.46,1547514.3187559042
1748,371178.39,382779.40535151714
1749,1280258.49,1297220.3161377972
1750,690338.74,716213.1027548016
1751,549658.02,564115.5226822327
1752,209289.1,235111.92946987122
1753,403499.95,405940.56373954203
1754,258743.13,260771.00659013982
1755,389850.63,408645.1246270056
1756,169752.34,163903.50896383612
1757,336688.05,340785.15098711604
1758,307678.26,310317.6405445598
1759,452010.04,535617.1012269037
1760,730791.89,768466.1762157382
1761,731660.35,830806.896571047
1762,1034246.75,1091698.4303754985
1763,400820.31,382082.33749430696
1764,1601866.73,1860538.6930780848
1765,936698.25,999265.3411914046
1766,584441.67,590819.3565131322
1767,593050.7,693129.9554208387
1768,451064.36,474292.5426476657
1769,1419633.3,1438994.5815414044
1770,1853821.18,2133385.1966233514
1771,509764.97,505056.7813642123
1772,577252.14,600028.1114899197
1773,290741.34,300788.22771225206
1774,378842.92,383789.9375675108
1775,360518.51,361437.54027648
1776,973260.06,1167493.7207740482
1777,440567.66,443229.93199982756
1778,1200325.61,1429582.0464081164
1779,905990.97,918334.784976843
1780,189631.8,194624.92155680485
1781,395326.6,428157.14984506456
1782,376603.24,399261.0086348361
1783,380049.89,397779.40535151714
1784,545256.26,554267.5342992934
1785,585626.12,597418.147389882
1786,708326.56,670930.5366822869
1787,547486.17,563078.295958627
1788,369167.35,383049.0978140765
1789,1203813.06,1146562.8810589572
1790,1022784.22,989076.4563068319
1791,776608.71,764018.267232144
1792,740482.91,734391.4723771128
1793,365803.45,396658.17297803314
1794,706260.4,753081.2706166699
1795,352897.38,361724.0297072083
1796,1685371.25,1827670.0805896437
1797,2511938.91,2631868.5778153627
1798,418749.22,442924.7206614832
1799,1209796.53,1147624.5623502238
1800,261376.83,259762.4525136764
1801,532789.92,543190.4164962552
1802,541683.23,549186.9739601375
1803,759479.31,765119.9768632301
1804,1246016.53,1431035.5752733243
1805,334524.19,352161.7144617708
1806,647055.9,664526.3058128983
1807,701468.51,701416.3041801837
1808,563816.2,573774.7839279225
1809,1339951.82,1380554.6374499095
1810,303097.1,299535.2596768624
1811,447556.96,443990.7801870768
1812,383860.87,385526.25073182984
1813,811468.63,869789.3882663249
1814,414437.74,421903.1756760603
1815,403788.85,399670.9796875465
1816,302285.68,310321.1693520238
1817,453164.66,449292.6214102058
1818,527815.74,564074.6539905937
1819,470148.81,498459.2966269929
1820,380119.89,387730.3669711216
1821,239450.41,248602.98308448293
1822,448740.91,440222.94579745346
1823,369167.85,376369.4799151196
1824,1264719.99,1319317.135661384
1825,553476.64,548344.1300165099
1826,239496.95,292519.43698592996
1827,382903.26,397514.87268465245
1828,551063.29,542174.7973562661
1829,1465270.48,1543187.9422834849
1830,892980.05,938736.0034267702
1831,385618.56,394155.8132273324
1832,1075179.71,1179118.5708203565
1833,1030121.39,1059956.4092241698
1834,1212533.18,1276086.3426692649
1835,251306.32,251201.2026899085
1836,336386.27,345451.59951793705
1837,1631969.46,1841065.0228558332
1838,407391.05,416523.25348655565
1839,282534.45,305073.6912060423
1840,894592.64,992029.0135807111
1841,577252.14,600028.1114899197
1842,297548.9,300476.9894764636
1843,360075.78,365522.0764175501
1844,648111.3,716313.2092556527
1845,259333.63,243321.48396795816
1846,1545436.22,1616124.641260383
1847,383503.02,411818.9949390916
1848,814602.28,913927.6076862435
1849,1493800.76,1685006.6135015003
1850,275020.46,276916.9193498095
1851,362099.0,378629.59189663007
1852,530736.66,553945.3816565895
1853,836603.56,916157.8158062677
1854,403660.81,402867.7272081491
1855,602250.58,606746.1324731323
1856,781641.46,780877.9095149013
1857,1214606.98,1163529.0063493692
1858,270243.57,277862.19575205224
1859,378222.36,400320.6363112321
1860,686748.11,723534.0496423976
1861,1319440.78,1697667.3802499408
1862,744140.06,761990.9951049628
1863,236498.13,226893.09181771826
1864,351315.69,377846.38173736265
1865,970934.62,1103229.2039613423
1866,288567.27,301961.17008272884
1867,258328.29,299685.02446147223
1868,325719.41,324859.07911306847
1869,1311490.75,1338825.8826967985
1870,220465.18,221331.84268299487
1871,365159.42,364234.11157370283
1872,610177.96,621172.4044743362
1873,872099.62,851343.2433517779
1874,1015434.3,922724.1263099433
1875,528227.02,675581.1775369878
1876,1227668.21,1495842.483523382
1877,667422.41,675134.1954994805
1878,486919.28,491249.00687803945
1879,741651.64,802319.7066750576
1880,1287281.28,1716401.60931939
1881,251014.57,259048.2217499913
1882,425804.97,417683.847740084
1883,567869.46,689715.6203590599
1884,958081.93,995324.2903867295
1885,443576.02,462923.9119794974
1886,485743.73,466977.7692282341
1887,721772.83,773933.673815593
1888,174177.5,183617.26636269764
1889,244558.44,253286.28868358134
1890,888945.11,894643.601991939
1891,385346.43,392415.8957027815
1892,598582.73,610802.4091675222
1893,223715.18,220075.00317354422
1894,509540.08,482533.2189939248
1895,430517.29,454272.8728072416
1896,564869.53,575468.345450765
1897,1067898.5,1051305.5080928705
1898,927599.3,949039.2460432491
1899,845263.24,859685.5861541644
1900,396377.8,404322.4217383749
1901,356819.58,365629.98011350597
1902,392261.55,407915.8997620944
1903,1517584.71,1569334.9033590406
1904,540815.49,546606.5153532466
1905,530820.04,543485.469070793
1906,483058.73,498885.93507416913
1907,320948.22,347395.01911328203
1908,1252895.33,1273938.898475596
1909,868397.35,857979.8795835496
1910,643684.39,674376.4669318306
1911,595434.45,608973.7759222025
1912,573431.41,607091.1875920912
1913,272576.56,287375.838563674
1914,371608.5,384794.65775819443
1915,769676.3,813717.5243142652
1916,652696.02,648763.6350492904
1917,627998.77,633784.4961623803
1918,432844.26,463135.98951232585
1919,857812.33,851240.7634193711
1920,141618.48,139036.13545478316
1921,791064.83,763603.8457846747
1922,953375.22,975107.6853263931
1923,853580.31,866553.4298722376
1924,410451.89,388944.7635414165
1925,410367.11,429876.51087545377
1926,1223615.57,1255854.4261891157
1927,344307.83,344835.92486107897
1928,265795.09,264319.0220019853
1929,506395.88,508253.0722028032
1930,1618058.81,1711782.9371996184
1931,1251885.8,1171205.6635278098
1932,795168.95,816971.071931563
1933,390597.77,373399.0233127729
1934,312054.35,321187.6480385131
1935,405139.73,414131.32135728246
1936,1353623.1,1399106.5007713197
1937,535996.03,551586.6959543366
1938,927545.28,948591.534996865
1939,970386.39,1047935.6185105694
1940,385724.16,395595.2856500331
1941,246712.83,250390.65139332414
1942,290237.65,292862.4663325619
1943,944959.78,948194.9203575498
1944,280814.97,296500.8288179289
1945,325594.35,330875.6164448977
1946,498363.04,466977.7692282341
1947,829965.35,850600.2041461349
1948,797404.24,792504.6559686963
1949,377288.4,402545.3948826964
1950,502202.26,486368.80106456904
1951,504955.68,533482.2451637645
1952,556404.65,559916.3189224561
1953,455112.98,470757.86031271575
1954,585293.29,595052.4091675222
1955,383413.46,384873.52685735293
1956,489735.45,492813.73230949836
1957,272539.3,277270.7998073307
1958,729067.45,716257.7406615065
1959,896979.8,887478.5049842716
1960,420567.43,531292.338004803
1961,639798.68,689784.219661312
1962,565739.38,576867.5833770867
1963,354770.41,376029.4960754589
1964,215388.88,218763.75806595793
1965,230005.42,233846.96546200832
1966,539680.47,523804.50724327256
1967,360387.0,366555.6379860991
1968,903145.67,885921.0910252774
1969,913576.47,954748.5878517434
1970,166384.8,173723.3061870279
1971,722014.91,710359.9612953694
1972,525467.56,533619.9266609732
1973,472920.67,469834.19876028335
1974,434769.32,436097.065442325
1975,1103430.11,1126739.8521569893
1976,363883.2,376619.6590973719
1977,216990.31,219768.6313552216
1978,404329.47,410655.208642347
1979,900371.86,906837.8170807511
1980,410215.1,439255.17299332924
1981,1155888.66,1233414.9416180137
1982,513710.92,450022.03489008325
1983,1044346.84,1084945.8080639648
1984,901156.94,965654.5616742801
1985,425923.97,431936.4847856973
1986,351426.99,354074.3764489385
1987,361322.12,367400.8603798662
1988,833215.83,809378.5551995238
1989,505579.38,519719.935937527
1990,852141.59,804880.597998947
1991,168259.6,174825.32079899896
1992,287801.72,343643.32074451743
1993,241611.03,261628.3031773504
1994,1236989.3,1355211.7723742328
1995,433805.04,518588.3795582891
1996,328154.71,341366.42469292524
1997,353888.17,348422.9694759253
1998,839727.94,854448.7112751516
1999,307465.15,309995.2353813414
